,Freq(cm-1),atom_0_cart,atom_0_norms,atom_0_vector,atom_1_cart,atom_1_norms,atom_1_vector,total_norms
1,-9.796106105453873e-06,[0. 0. 0.],0.7071067811865481,[ 0.14712104 -0.14954831 -0.10946319],[1.35075 1.35075 1.35075],0.7071067811865477,[ 0.14712104 -0.14954831 -0.10946319],1.4142135623730958
2,-5.1169980698397205e-06,[0. 0. 0.],0.7071067811865476,[-0.13134079 -0.13038533  0.13309275],[1.35075 1.35075 1.35075],0.7071067811865476,[-0.13134079 -0.13038533  0.13309275],1.4142135623730951
3,5.970919724978741e-06,[0. 0. 0.],0.7071067811865481,[-0.11175069  0.10962751 -0.14726626],[1.35075 1.35075 1.35075],0.7071067811865478,[-0.11175069  0.10962751 -0.14726626],1.4142135623730958
4,520.6406868851194,[0. 0. 0.],0.7071067811865471,[-0.12140568  0.12426062 -0.13985949],[1.35075 1.35075 1.35075],0.7071067811865478,[ 0.12140568 -0.12426062  0.13985949],1.414213562373095
5,520.6406868851194,[0. 0. 0.],0.7071067811865478,[-0.12078321  0.15357923  0.10566347],[1.35075 1.35075 1.35075],0.7071067811865476,[ 0.12078321 -0.15357923 -0.10566347],1.4142135623730954
6,520.6406868851197,[0. 0. 0.],0.7071067811865476,[ 0.14851026  0.11115728 -0.14372813],[1.35075 1.35075 1.35075],0.7071067811865478,[-0.14851026 -0.11115728  0.14372813],1.4142135623730954
